,Percent; Estimate; Population 25 years and over - High school graduate (includes equivalency),Percent; Estimate; Population 25 years and over - Bachelor's degree,Employment/Population Ratio; Estimate; Population 16 years and over,Unemployment rate; Estimate; Population 16 years and over,Median income (dollars); Estimate; Households,Median income (dollars); Estimate; Households - One race-- - White,Median income (dollars); Estimate; Households - One race-- - Black or African American,Median income (dollars); Estimate; Households - One race-- - Asian,Median income (dollars); Estimate; Households - One race-- - Some other race,Occupied housing units; Estimate; Occupied housing units,Owner-occupied housing units; Estimate; Occupied housing units,Renter-occupied housing units; Estimate; Occupied housing units,Percent below poverty level; Estimate; Population for whom poverty status is determined,Estimate; SEX AND AGE - Total population,Percent; SEX AND AGE - Total population - Male,Percent; SEX AND AGE - Total population - Female,Estimate; SEX AND AGE - Median age (years),Percent; RACE - One race - White,Percent; RACE - One race - Black or African American,Percent; RACE - One race - Asian,Percent; RACE - One race - Some other race,UOF_Use of Physical Force,UOF_Use of Non-Lethal Weapon,UOF_Use of Lethal Weapon,UOF_Fatal Use of Weapon,Crime_Violent,Crime_Non-Violent,Crime_Non-Criminal,Race_Native American,Race_Asian,Race_Black,Race_Latinx,Race_Pacific Islander,Race_Not Listed,Race_White,Race_Bi-Racial,Gender_Male,Gender_Female,Gender_Not Listed,City
Downtown,62.61766164550952,82.11755190683213,163.1861830562129,21.29526933286619,160924.49037602948,172909.28090057528,79016.46627749785,94380.25306349946,135.7688033917631,7417.699918865043,1702.4216733790067,5715.278245486034,81.0783081464515,14495.845794968065,193.63400874311773,136.6190922229315,105.76897117077914,218.74166578683278,75.44292256754757,16.075693612194396,7.066045138732515,120.6,29.2,0.0,,,,,0.0,0.0,77.8,6.8,0.0,0.0,64.2,,136.8,20.2,0.2,Indianapolis
Excluded,551.8078274187411,341.13541569574437,1213.6845573978753,199.06201110284132,895292.347255278,971560.551236642,528015.4536061235,140334.44711328053,131164.16223444187,35786.959908012155,20170.276865912743,15616.683042099392,388.9395653924264,92640.21223284004,921.6771532626269,1001.3612467890313,661.694155413701,1332.0641294661086,431.51963481972956,28.905019180195833,72.45692289353569,,,,,,,,,,,,,,,,,,,
North,1216.509272675199,1508.466198915409,3577.713174058764,584.8122306610043,3007330.113229732,3289702.533476005,1833222.9594749585,1213316.9124598631,200172.84242282502,92441.0596957629,48631.39595516987,43809.663740593096,1018.721059290357,212049.85596796306,2710.609869446126,3006.925898100079,2144.1989349211244,3193.174186193448,2082.9225166821893,116.42015645758632,130.63501677258606,197.6,43.2,0.4,,,,,0.0,0.2,164.6,6.0,0.0,2.4,71.4,,201.8,55.0,0.4,Indianapolis
Northeast,1442.157912446568,552.1787999163906,2304.977382991002,673.5290200671399,1439887.4746110581,1640909.2643436694,910918.4619493599,161507.19889130065,77142.24579394466,56933.807814972024,27899.20855185225,29034.599263119755,1261.5781872849711,142449.36509257968,2049.110110250799,2201.416993982708,1488.8640345841593,2300.551091445769,1705.9542863240836,27.13354483092109,79.58218805639171,,,,,,,,,,,,,,,,,,,
Northwest,951.5626813920774,659.3193906163433,2203.1406947870632,395.6395021496473,1580357.7035909044,1882672.972978509,1475496.6798577504,546368.7368449612,648282.2266027457,56599.21194937846,29020.835230129753,27578.376719248718,752.597779623314,147904.30805227134,1707.4728406081617,1914.9444037332808,1221.7271911906878,1491.2638625199634,1585.5926862807053,95.0206806086752,323.94191172306483,222.2,36.8,0.6,,,,,0.8,0.0,172.4,27.4,0.0,0.0,56.4,,222.6,51.6,0.0,Indianapolis
Southeast,1310.416369806683,524.0273657873854,2154.0982049422955,403.217161585967,1578716.6611054717,1640129.8248702649,556102.6310626145,351919.5692764221,180918.07911752307,66078.52343331225,39328.07671986292,26750.44671344934,853.8485066521064,179074.47419904696,1849.7199947040933,1914.5935096381386,1333.671870086844,3120.2434172070566,323.0289431622993,146.19230799153792,86.40052578553735,200.0,44.6,0.2,,,,,0.0,0.6,71.2,11.2,0.0,1.6,152.6,,198.8,51.4,0.0,Indianapolis
Southwest,932.0490031541498,292.91923039915935,1576.3867519860933,345.98699122804106,1048793.102352316,1083024.9062147492,669450.5953048613,107805.97587180612,348122.03674472135,50121.69698354952,29004.69400300061,21117.002980548903,750.0457312768767,137471.4127485533,1400.1675694953153,1387.7440898652428,964.8459012566249,1924.3252634052108,500.1992223073489,43.13417490959963,236.71753326763718,252.8,70.0,0.6,,,,,0.0,1.4,85.0,15.6,0.0,1.2,212.8,,275.0,58.8,0.0,Indianapolis
1,125.08963426968067,267.74288918982523,539.1132766149348,93.9006083519128,403805.50250707293,458563.6715740283,62454.209756919285,293369.8492073145,28430.395224267653,18729.183037452494,4438.307915948367,14290.875121504127,266.8595051266008,36721.504892499266,469.37196659629933,387.31225721792055,274.61582254171157,533.6134374637,207.55558595009566,59.491276896922514,18.725225370091053,451.0,298.72727272727275,1.0,,,,,15.909090909090908,16.90909090909091,477.0,,0.09090909090909091,26.0,193.8181818181818,,622.7272727272727,112.45454545454545,15.545454545454545,Minneapolis
2,332.311508351489,569.5082311840785,1384.9268905454019,122.4084815013735,971425.6742400068,1073093.7967863004,231887.30279634174,552235.3220017275,146943.47549070287,27026.687736649546,11612.799355787532,15413.888380862012,529.9684301744396,68872.70797072774,1012.1376804782425,970.2357068237023,629.4319114316673,1482.3583148960731,187.43956580110154,134.92472824804338,64.72089675672805,164.9090909090909,41.09090909090909,0.18181818181818182,,,,,11.272727272727273,1.5454545454545454,78.27272727272727,,0.18181818181818182,2.727272727272727,96.72727272727273,,185.27272727272728,19.636363636363637,1.2727272727272727,Minneapolis
3,682.7137664474774,925.8688413685712,2485.3177728648184,281.6292838267058,2029845.044867829,2271960.1224392555,794553.0578197201,519696.29727352364,513648.7265243654,47579.45253850713,28878.984657182184,18700.46788132496,689.6939510910739,120115.67047375052,1788.632472098478,1813.1326952895722,1251.3613506351785,2363.58583454069,628.5310874547015,100.00273016656158,249.5679799917603,338.09090909090907,88.9090909090909,0.8181818181818182,,,,,60.18181818181818,2.6363636363636362,219.0909090909091,,0.0,6.636363636363637,95.36363636363636,,381.0,44.27272727272727,2.5454545454545454,Minneapolis
4,624.047241236909,375.1467872747231,1321.9024077146203,343.90124925254116,973619.3009682943,1226250.4637127388,606098.0250156629,479808.59824045596,210137.36270668718,23474.90277418688,12293.387520645074,11181.51525354181,694.6405411104087,67087.05682960869,1124.7481754797818,1200.2344386896532,699.2630904749857,781.7489225228403,967.3517588445579,295.6824377742575,86.2876777488474,516.0909090909091,119.0909090909091,1.8181818181818181,,,,,14.363636363636363,10.181818181818182,528.2727272727273,,0.0,12.818181818181818,61.63636363636363,,563.4545454545455,70.45454545454545,3.090909090909091,Minneapolis
5,286.91429824650425,979.2954121447178,2051.867346472183,141.8257612302595,1968089.09860505,2057871.7118677597,724490.6696389323,1674699.3887957726,213441.32551411993,49927.812175578394,22526.678733306704,27401.133442271694,371.9766690973844,103354.69577817727,1388.7897936442532,1323.8029297437167,939.9124422780833,2143.6113392977554,249.43282019674965,95.99880438997165,100.52035181568945,165.72727272727272,59.0,0.09090909090909091,,,,,12.545454545454545,3.1818181818181817,98.0909090909091,,0.0,4.545454545454546,93.81818181818181,,187.45454545454547,35.18181818181818,2.1818181818181817,Minneapolis
99,98.88963036789988,77.56871414219324,249.78140611192867,30.80049100942841,244120.4113122109,252778.458174761,175912.5632331605,272976.1941795062,109691.66847787984,6242.113783166861,3673.656096537208,2568.4576866296547,45.3354295759767,16757.172867896228,198.87265917055947,212.70466795133365,161.8662334532282,211.18493519778542,57.78022575744797,82.46339528494704,14.533697695098363,5.0,0.2,0.0,0.0,,,,0.0,1.2,2.6,0.0,0.0,0.2,1.2,,4.2,1.0,0.0,Seattle
B1,10.844116161502988,71.49993462152968,119.90594941622177,7.777017823942119,123578.24443074098,126499.57716224738,38476.0942595393,69786.74540532014,0.0,6728.870519220158,2594.447744176482,4134.422775043675,10.418431654985294,12560.494075352892,80.52304035739087,77.44014174670603,55.522907526864415,136.51578124542087,1.7948527525807088,8.970005942836098,1.8082016877520535,17.0,6.4,0.0,0.4,,,,0.0,0.2,3.8,0.8,0.0,3.2,15.8,,19.0,4.8,0.0,Seattle
B2,20.041295360107814,178.62681011745963,315.5542496600223,17.602997412120363,334655.42631132813,332581.25153817557,20596.815937823158,352661.100888646,0.0,10835.951662410213,4129.339535689899,6706.612126720313,21.386124753041685,21596.169034172148,193.13339372780112,205.40401348193825,137.92467793968154,345.0111099461011,3.9343860934974666,19.97030073661242,1.7011450998402506,9.8,7.6,0.0,0.4,,,,0.4,0.0,3.6,0.8,0.0,1.0,12.0,,14.4,3.4,0.0,Seattle
B3,21.24800481998112,191.90375848281246,348.4382448380059,17.9993753997141,370800.7282262612,378884.657441028,0.0,118699.49228672864,73750.0,9436.591394716907,3882.7770395060065,5553.8143552109,58.148161563061564,19647.122925435022,234.46690517238758,224.9208261705769,150.99347831362027,378.42028430833864,5.043928301214147,44.036771552121756,5.087037929040117,11.2,5.0,0.4,0.0,,,,0.2,0.2,2.2,0.0,0.0,2.6,11.4,,12.0,4.6,0.0,Seattle
C1,12.369354498951388,101.3193673485474,192.8276806571637,10.570123369783552,219116.41242730917,223572.26804643776,14566.52265379706,212338.40223032108,0.0,6862.710103846742,2428.0467967106706,4434.66330713607,15.077328776992381,12155.992053891434,135.70177624924904,113.47673900574607,87.5958205866209,210.05307248922344,7.5571551358884195,16.436547639988998,1.9309594856676269,11.6,2.8,0.0,0.4,,,,0.4,0.2,2.4,0.4,0.0,3.8,7.6,,11.0,3.6,0.2,Seattle
C2,18.382766886321253,125.93967480164385,225.7475559263662,13.401692403160279,378844.5083942793,392439.9152671253,52731.82920305927,229755.5771926729,0.0,6043.936470329175,3567.899705294353,2476.0367650348217,19.103376530728987,13251.179615075192,165.1051439392561,158.40676177529232,125.47316478606271,270.7657262988377,13.990841930094184,23.173421071601755,2.0440297304329342,8.8,2.0,0.0,0.0,,,,0.0,0.0,2.8,0.2,0.0,1.6,6.2,,8.8,2.0,0.0,Seattle
C3,17.01957852080951,94.94162737805976,164.6477030636633,12.682487371252394,208889.46388877762,233455.36885304708,100845.91541312465,208117.15355842543,0.0,5721.699753915836,2677.3586085877737,3044.3411453280632,24.14583077596525,12409.316637143706,119.09404213888028,113.02944328271447,81.49189870978977,168.94360856823843,29.154078711290882,17.30893865807656,4.339974955096648,11.6,3.4,0.2,0.0,,,,0.0,0.0,5.0,0.0,0.0,4.2,6.0,,10.0,5.0,0.2,Seattle
D1,18.828215294300023,57.631275390768316,123.47835311601858,7.9710430055607056,118870.67212790434,131205.39882506456,9574.512389536552,82361.10036866738,117527.54340005333,6382.9749900052875,1323.75970992328,5059.215280082009,31.108011311026512,8866.750997485511,97.49092360446583,79.89848399901707,66.98597182182328,122.21686072717318,14.283619865948003,26.76365664527455,3.8324156096474775,20.8,13.0,0.0,0.6,,,,0.2,0.0,15.4,1.2,1.0,6.4,10.2,,29.6,4.8,0.0,Seattle
D2,6.677331743044186,51.31693518517669,105.38489669294258,4.856548208869783,112245.15471868601,109248.96594184006,7.06923670885045,117044.34064462292,0.0,6055.066007564706,1335.397126085984,4719.668881478721,11.882971453245199,9055.153150483571,74.56504126045712,61.07673216771461,44.70008439807339,94.87134263457176,5.359267812504265,24.19367725908637,1.3834375563840913,38.8,11.0,0.0,2.0,,,,0.2,0.6,10.0,1.6,0.2,16.2,23.0,,33.0,9.8,9.0,Seattle
D3,10.112432539499137,77.27809461113704,152.0260669703874,10.42632905380774,157017.0192664692,165356.16957781542,17.096808068727267,149453.09104208887,0.0,5976.034020781163,1296.5478275834962,4679.486193197667,19.20976637591647,9337.162253691999,111.77277986053879,87.19753902861314,67.27938845966752,151.98648217907188,7.001222901502416,22.640416425833408,1.8812745302432017,14.0,11.6,1.2,1.2,,,,0.0,0.2,7.8,0.0,0.0,4.4,15.6,,23.2,4.2,0.6,Seattle
E1,15.685072557533513,95.63526050783194,189.2205950789692,10.32366906276126,131559.96913798008,136414.8206210664,17829.10079524542,127653.22617698772,0.0,8684.270074506916,1761.5660519590128,6922.704022547903,31.90104401064719,12547.309231688163,135.64604293630063,97.76719830679076,76.29658844444455,173.56570795874927,10.71590004091884,29.606689392340524,1.82575962647698,23.2,18.6,0.0,1.0,,,,0.2,0.0,7.2,1.2,0.2,10.8,23.2,,32.6,6.2,4.0,Seattle
E2,8.040040313742445,50.33302687443059,86.15762212469586,6.250128044367047,58715.250120905286,60586.82104390432,3894.6133178546897,49217.03213453328,0.0,4111.395003253073,728.0571877188953,3383.337815534178,24.46936700587503,6820.487638381014,63.567919777787196,54.889037100749036,34.534139677894956,82.61360382178805,7.616016434992943,15.83449682313859,3.127428695282506,73.0,23.0,0.0,0.8,,,,1.8,2.4,33.2,2.2,0.2,16.0,41.0,,75.8,15.4,5.6,Seattle
E3,22.04689408105591,71.01702494722187,129.95052832185036,9.647826304948389,91840.08611916951,93957.85744657973,15595.858795959522,94268.43282948162,14580.521732480813,4987.394468759035,836.089045604703,4151.305423154332,31.26654496290558,7459.469571769687,116.55383642686817,88.68280943647261,73.64908666655462,147.247212614528,15.030312712272599,27.997947109030896,4.316690510615412,19.0,9.6,0.0,0.2,,,,0.4,0.0,5.2,0.0,0.0,8.6,14.6,,22.8,4.4,1.6,Seattle
F1,50.45017950829752,77.0756374943897,186.4904681794163,30.94519751060157,172972.7385863449,203311.32799011839,46101.433009329296,176779.5592799338,32920.52514360928,4762.221344086971,2473.9032501238876,2288.3180939630834,63.714936669282736,12277.158751578474,142.04373733206342,145.86546338894584,94.40637403363336,147.53482533260367,58.78359604187333,45.056422435129846,7.170470153098994,11.2,3.8,0.0,0.2,,,,0.0,2.0,3.4,1.0,0.0,2.0,6.8,,11.2,4.0,0.0,Seattle
F2,47.82341280633906,58.38302159870268,155.55327914065515,22.02407977630788,131305.41558241137,151351.4902634864,57921.05216057659,158398.48577460373,84871.6767932305,4385.8652392421645,2180.7035246155315,2205.1617146266326,30.460414236400844,9992.571533804983,112.9527116634704,122.97980205118635,86.7498144791515,142.6107380424768,29.90111751302216,29.47032912969637,10.903207703979445,19.4,4.4,0.0,0.0,,,,0.4,0.0,9.8,2.2,0.6,3.4,7.4,,19.6,4.0,0.2,Seattle
F3,44.888443507180966,32.504300827593006,123.61382687887102,12.468692294146996,79332.1000040228,81164.52586452378,71199.94696719633,132350.43685233357,37390.381217378934,4331.148170897354,1843.1247081367428,2488.0234627606114,35.617900838517045,10912.623384421648,91.59239553240239,101.92182566713085,72.99071180595351,107.9820556759559,11.73962986663094,28.071319622083113,7.667108060381639,15.8,4.4,0.0,0.0,,,,0.0,1.2,4.8,2.4,0.0,3.4,8.4,,16.4,3.0,0.8,Seattle
G1,22.862134829609232,41.286732450583976,79.83005867457781,11.51019190202468,53378.44447216131,62853.92273853772,24402.596670853258,33121.24746570036,17264.126606832473,2725.9424482099384,363.2995568927783,2362.642891317161,45.171215379945465,5974.21478762237,85.02804832106484,69.13787292003317,50.8738452609834,67.02585960771646,22.979971395252267,45.15795826704653,4.007767646154273,19.4,8.0,0.0,0.0,,,,0.0,0.6,11.0,0.6,0.0,5.6,9.6,,20.8,6.6,0.0,Seattle
G2,24.159338598466856,74.49156762910441,161.16634038166984,12.79228753057741,146052.63998562342,173872.98356339865,88846.0100006071,35619.77301552013,0.0,3949.754641556377,1580.9937281195903,2368.7609134367863,38.63339108697726,9483.557196429363,113.00384723648503,110.45952114727861,73.06935680596571,128.86001457322317,38.82000003525128,23.25265694044854,8.306916899607469,19.2,6.6,0.0,0.2,,,,0.0,0.0,16.2,0.0,0.0,4.0,5.8,,17.2,8.8,0.0,Seattle
G3,20.709955337406058,39.59736477173506,83.89603218293705,5.601950591587184,74958.36985438131,110524.83511915701,38410.661517675704,44704.85704288129,0.0,2710.875634006325,998.4883734865392,1712.3872605197862,23.3380172460604,5738.209206821774,65.32907279873545,65.91605698415788,50.596542043918376,56.35191922601157,26.282053971852715,30.78447393114684,1.5604608303057543,20.8,11.6,0.2,0.4,,,,0.0,0.8,22.4,1.4,0.0,3.0,5.4,,28.2,4.8,0.0,Seattle
H2,2.066814370078421,10.752187331518504,11.739588662868119,5.38416200964766,16292.554003975505,17207.554853116744,0.0,4790.063338622501,0.0,309.51201752603055,200.88446375553968,108.62755377049086,10.215437761635075,1549.3147164748907,13.784322542725167,15.058026576591644,8.476178837174954,18.830043471145128,0.3495337705781738,6.774664207673325,0.4978278974644625,,,,,,,,,,,,,,,,,,,
H3,56.861853224017345,197.01450262411169,377.2801489896564,38.359198548704114,597523.948321528,706399.7088718151,86579.26655428462,583244.4624233084,129242.67742332983,13025.394180023224,8122.3903159721895,4903.003864051031,67.35573877974525,31776.363755858212,289.44914537477496,313.9401887940738,249.98347942357424,401.2431880310465,65.47932136282158,76.01542289664083,11.972037455004005,,,,,,,,,,,,,,,,,,,
J1,32.10893652623134,152.50917385703946,253.45311675012638,25.88991486914865,288125.18953612307,292263.0645561681,1.4358799189549065,289992.409711769,0.0,6505.084804566975,4055.984088857757,2449.100715709218,29.566353819800675,13866.244153279438,185.669069679358,180.35232686383952,146.30638671773042,301.77260464602875,5.209573075843674,29.24426586930353,6.353309812728251,20.6,3.0,0.0,0.0,,,,0.0,0.2,6.4,2.0,0.0,1.6,13.4,,19.8,3.8,0.0,Seattle
J2,34.608704647867775,168.30186057200063,311.6544851648727,16.429441596178524,387004.5327359245,394006.11973106756,59990.08980264713,268674.9003683842,0.0,10186.296292209225,6502.511130823688,3683.7851613855346,22.81125347251212,22736.180948794416,201.14774573490314,205.81537364669575,156.77486197555046,365.32552963961894,2.1348067347234037,16.317857868415818,4.516337100205667,11.4,2.4,0.0,0.0,,,,0.2,0.2,4.0,0.6,0.0,1.6,7.2,,10.2,3.6,0.0,Seattle
J3,17.204475136680028,144.4402306009923,238.86548352253044,11.592085298474643,297350.2825870075,307873.564371859,0.0,239859.70819364977,0.0,7375.74890009164,3772.1663467168946,3603.5825533747447,28.86283013517966,16037.683421883139,156.33953741739566,163.23051543809262,112.14425867828972,267.5759352411189,5.921043780636199,25.270817605945037,3.7010935858141414,16.8,2.4,0.0,0.0,,,,0.0,0.8,4.2,2.4,0.2,0.8,10.8,,15.8,3.4,0.0,Seattle
K1,10.306581196134772,20.303907503720627,35.20397717727256,5.727847173570064,44813.13689865402,48998.51068975373,9295.112181407061,43580.3368045417,4564.330959402,1726.7137095986202,358.2908520396894,1368.4228575589307,16.143950683511704,2999.8065327548006,40.31994881730109,29.355831692715295,28.18335929360022,44.57604020562948,7.812387613812674,8.904118643370087,3.450932151904626,35.6,13.6,1.0,0.4,,,,0.0,1.4,21.0,2.0,0.0,9.2,17.0,,42.2,7.0,1.4,Seattle
K2,9.693176429875331,17.721038585275586,37.04025141283844,4.517869385189703,23525.21935373531,33764.12624637751,8648.36367194457,16664.132488967378,0.0,1149.1255115585502,111.46284623412024,1037.6626653244298,18.8444005179338,1882.818727395744,42.506808792706906,26.280916532470542,31.413592046954804,35.66829681602691,7.588603340702733,17.668637333689183,2.0021575024325435,39.8,19.8,0.0,0.4,,,,0.2,3.2,22.8,1.4,1.4,10.0,21.0,,47.0,11.4,1.6,Seattle
K3,16.290518241879408,23.240395520076436,57.160034992863,6.507119325521214,30477.882856324693,39030.175373444545,20898.090167413593,23881.067182942486,2996.0207012829133,1657.7866796648257,119.31491341855914,1538.4717662462667,29.221125153510243,2874.5524150054785,58.25902077355181,43.25211676361714,40.977742865946254,37.365292375258186,14.843812527782545,38.672531767225486,1.6913474949682523,39.6,11.0,0.0,0.4,,,,0.6,3.2,24.2,0.8,0.2,5.0,17.0,,36.4,14.6,0.0,Seattle
L1,36.59040975800837,75.57460342602232,161.48686150233402,14.314911363177353,137106.50094715646,148148.34087137962,29067.925060330723,140835.25125905394,14267.498930882703,6884.957412519012,3592.6869902466383,3292.2704222723746,32.21639982822048,15274.786272317144,117.92029291607282,130.29253147239936,91.86755596920126,160.29165482228467,18.89918336199919,44.78121443388399,6.958608723387471,19.0,5.0,0.0,0.0,,,,0.0,0.6,8.0,1.0,0.0,2.2,12.2,,18.0,5.6,0.4,Seattle
L2,32.85129814853611,126.43163386841853,242.5463385297436,20.12154806884965,243012.7613452675,256097.19576654345,53063.13226474947,94051.0673852715,14446.897502906211,7732.374187651574,3858.275527880527,3874.098659771046,46.269621132197486,16452.19022108976,178.09067401943668,182.25984205571197,131.27904759666944,270.2501341669509,10.443367372246948,48.19188137395153,9.324451224890463,26.2,3.8,0.2,0.0,,,,0.4,1.0,10.8,1.8,0.0,2.4,13.8,,22.2,7.2,0.8,Seattle
L3,37.276212891759634,111.31380720390072,249.47387647532895,26.1476486230344,297763.99024868367,315025.86789072445,43141.504653924436,357907.0688386671,84510.10719113563,5936.032862274034,3250.5507083752773,2685.4821538987576,40.383228432798376,13451.794521113798,187.49181376367028,192.06479357233928,151.80521023649567,268.46342261501593,35.40543608555229,43.07975077319596,7.775233768115823,13.8,5.6,0.0,0.2,,,,0.0,0.4,2.4,0.4,0.0,1.8,14.6,,12.8,6.4,0.4,Seattle
M1,8.851278325258964,18.138984454579862,33.866547075651845,3.9108537266449312,34016.38534899085,39557.842209170485,9311.673934549906,22636.063218901436,0.0,1464.1401143723724,333.79223752270764,1130.3478768496648,14.652233133974285,2358.372101268216,32.489653820583776,26.87597396786297,24.57063523079721,41.270146165644434,5.033794009789526,6.590462722989626,2.3958731422757245,17.4,14.0,0.0,0.2,,,,1.8,0.2,12.8,1.6,0.2,4.8,10.2,,25.4,4.2,2.0,Seattle
M2,5.975199517515371,26.36750908713044,48.01025579589308,3.570931739343069,41866.32371480406,42515.27353984151,4334.430504716977,52043.2468493118,0.0,2083.1783445603724,365.0342458243576,1718.1440987360145,9.592515465386443,2876.0906143568263,39.62800123149606,31.001842551894637,25.184408643204456,51.17454858358175,3.9926636144165997,11.27815665067734,0.9586442839291802,19.8,12.8,0.0,1.2,,,,0.4,0.4,14.0,0.0,0.4,5.2,13.4,,26.2,5.8,1.8,Seattle
M3,4.196384318711161,16.35899277239418,27.150121245427194,3.307337501908265,28560.170085551537,29811.982256928914,2808.9990621852503,32725.983543460752,0.0,1200.1684752315684,223.01967032006198,977.1488049115065,8.118622328095439,1842.28511373037,25.465089044126877,19.867486243177282,16.60368106485013,31.096100971256654,3.930175288592463,7.190029357610366,1.18266818795853,24.0,13.4,0.0,1.0,,,,0.4,1.2,17.6,0.8,0.2,7.0,11.2,,30.8,6.8,0.8,Seattle
N1,49.88403943524911,129.22472018741408,248.50999330064036,22.01309414262985,309757.05343285494,312463.9470545512,19688.92818372779,298171.36525155074,0.0,8804.54593059954,4630.871288707918,4173.674641891621,45.59812855396575,18423.833216289477,193.12285421305603,199.2476531053608,171.280331685307,312.83551821035996,20.49466459761738,33.988198747973016,4.3396271697598285,15.6,1.4,0.0,0.0,,,,0.0,0.4,3.2,1.2,0.0,3.0,9.2,,12.2,4.6,0.2,Seattle
N2,37.421848254640246,60.57213418684598,137.99673912310442,8.068581616217772,125956.03739149791,127672.38679131382,48725.90544049433,176281.9307568793,26462.45796510773,4785.952815298546,2307.488903504882,2478.4639117936645,32.25584852542562,10203.636614664756,106.06784734470415,104.04511842995556,81.390674025727,150.2802300852955,14.532209479004681,21.816859760355218,5.748356456014323,31.6,7.4,0.2,0.4,,,,0.2,1.4,10.6,2.0,0.8,2.8,21.8,,30.2,9.4,0.0,Seattle
N3,25.788405345009057,97.38910331390154,189.84674748984057,17.45176665923556,178605.46367388882,194841.71100212607,43140.791615692804,29002.478381016226,8497.217276612753,6246.139730193512,2843.8388052818786,3402.300924911633,35.31874167271522,13368.314353814463,135.05522974917247,129.82306598069135,90.3159080197398,185.57695220502328,8.568389509669974,42.9982143690176,7.431580903741531,48.0,7.2,0.0,0.2,,,,0.6,0.8,11.8,3.0,0.4,8.4,30.4,,42.0,12.6,0.8,Seattle
O1,4.202823468627917,7.865283919860816,18.762604770660342,2.2515125724792413,21151.609710898985,29055.31944533011,5355.898107413619,16082.104002704724,0.0,332.323255697936,163.91011527648877,168.41314042144725,5.643791515014631,850.1711473681614,19.302967788055362,10.717199845001188,11.437683868194545,15.550446833923292,3.0920772662048246,6.2141747000427054,1.470988214019771,21.6,5.0,0.2,0.2,,,,1.0,1.2,6.8,1.6,0.6,5.0,10.8,,23.0,4.0,0.0,Seattle
O2,8.295702140948638,16.95312450510937,39.35584764456114,3.7776085904449515,36976.81875834519,48984.34183529545,7496.237710169142,34909.04394796301,0.0013344424526397919,577.3126427806338,282.3287183383766,294.9839244422573,9.901956252133997,1396.205766555267,36.435121506621755,22.483324589763193,22.528438837116862,35.07788996934756,4.7268350822228715,9.375367620620707,2.9197635821225587,10.75,1.75,0.0,0.0,,,,0.0,0.75,3.0,0.5,0.0,0.75,7.5,,10.75,1.75,0.0,Seattle
O3,28.274495921199964,44.73084118349783,110.47473636738933,7.469395014011662,80807.34208168372,80939.02758895801,59125.50643644565,107905.40079268653,732.4249169350493,1601.307045703575,947.5586857833026,653.7483599202725,23.533497723908464,4486.285617396872,83.8398257015527,70.91287340612892,59.17636188985095,80.98420648446053,14.267248664816737,39.981681135744466,6.1452203132192995,12.2,4.0,0.0,0.0,,,,0.0,0.6,5.0,1.0,0.0,3.0,6.6,,14.8,1.2,0.2,Seattle
Q1,32.7917270895425,155.80729859464998,262.9635832784846,18.000944885853002,365942.33000308805,367948.5864161525,73942.97772824434,380793.0457958771,1924.5129207984144,10328.378660564102,6191.968622851318,4136.4100377127825,21.998991118374413,22430.69649437039,180.47034758606355,200.495562522827,151.35128287384606,313.92009657899723,17.373695478073543,25.072508148262166,2.2392953294332183,8.6,1.4,0.0,0.0,,,,0.0,0.0,1.6,0.2,0.0,0.8,7.4,,7.2,2.6,0.2,Seattle
Q2,23.67334377794613,209.22073615873245,348.8758998450004,17.772803450298895,438077.1991724636,459975.4753944726,7890.087869404011,310637.84114197735,26.558300180319215,12554.633857096907,5856.311972352634,6698.321884744272,37.261743631124695,27000.71398894235,235.71102591415362,241.0422426755154,163.55328007966835,399.98821070920826,8.885219055308557,35.37955295149808,4.0598171579305555,11.8,4.6,0.2,0.0,,,,0.6,0.2,7.8,0.0,0.0,1.6,6.4,,13.2,2.6,0.8,Seattle
Q3,18.58981193532884,83.67141586328135,165.32770578875883,6.758266377258183,151886.76460397482,148766.56689612995,33048.516646763484,186343.73520919622,42728.38537898565,8206.607383515453,1901.903212233482,6304.70417128197,17.726299777741524,11829.173345812726,107.97825531856947,101.19187134644817,69.3044974964047,157.68350564563517,7.610674598354226,24.46698678225756,5.010079833124236,13.4,1.6,0.6,0.0,,,,0.2,0.0,4.0,0.8,0.0,1.0,9.6,,13.2,2.2,0.2,Seattle
R1,54.38244379297866,90.67235655490545,229.52235567988595,18.926559172421573,206549.06404462416,273296.6822124485,203049.1868979465,146070.58793689896,0.0,6127.930296215001,3185.279650410296,2942.650645804705,47.682993143900894,16461.23782145623,173.13362943076393,167.68521060456396,128.41886465218104,124.22875307181133,45.592630667783105,131.83592480631862,10.45689716154886,25.6,6.6,0.0,0.6,,,,1.4,3.0,10.4,2.6,0.0,8.4,7.0,,27.2,5.4,0.2,Seattle
R2,11.85439632517766,31.044655505324876,68.11930225624226,8.121219781055476,69803.23579871033,109860.68341810796,40320.98397429539,36803.24590205808,0.0,2537.3354485173795,1532.4423340904084,1004.8931144269714,15.266631201582273,6153.037220897596,50.40898108262658,55.88661854792293,43.30830686306537,51.43966768672655,26.107107858257024,20.42713181792258,1.3599705784799445,37.0,10.6,0.0,0.4,,,,1.0,5.0,24.2,1.2,0.6,8.0,8.0,,39.0,9.0,0.0,Seattle
R3,43.139969498673246,71.93972274658628,168.49639416331146,21.20841634186675,171606.8763864311,218350.1207258756,86133.02357722018,157140.70038502125,11176.827028128275,5798.325792086369,3374.9863323083,2423.3394597780684,38.76876474735862,14349.345899877677,122.89488152835182,133.1375983555171,100.82158611628414,131.39975997669674,48.39599150008036,52.92110656899123,4.89529865061417,19.4,4.6,0.2,0.0,,,,0.0,0.8,14.6,1.0,0.6,3.6,3.6,,20.2,4.0,0.0,Seattle
S1,69.00686116523389,57.98525016521799,176.34585852409276,31.641169670602423,150957.44835935626,190978.7842417342,120517.85549787802,172904.428293623,0.0,4672.349420506822,2683.6447129601956,1988.7047075466257,92.97475613710341,15192.727458551135,155.47979297043116,150.80509309486575,115.91722946412033,46.14869741729175,74.1289064333194,162.00470957736624,5.366448013514567,38.2,9.8,0.2,0.4,,,,1.0,6.2,22.0,1.0,0.2,7.2,11.0,,38.4,10.2,0.0,Seattle
S2,37.93766741398511,30.83075720278296,94.7672369068653,16.210361738903696,81820.33671652262,107830.05888792,46270.42299577118,93156.98876130283,32367.099322989183,3102.2079776384167,1474.175162258647,1628.0328153797698,34.86050535178453,9026.52199471743,76.2512954417361,85.13522882311024,58.53956936745595,47.6297012989432,35.87592214420102,62.307520972414615,3.220695697819309,28.6,6.8,3.0,0.2,,,,0.2,2.4,21.6,3.2,0.4,7.4,3.4,,29.2,9.2,0.2,Seattle
S3,33.632912183325395,27.059357415213707,83.43656502466281,11.768838698527476,83550.70951990514,103159.93344821419,71566.99480671746,86185.85642973508,29573.618714289332,3357.6032193529163,2095.611175573785,1261.992043779131,30.290063288037594,9774.790930946867,68.21747434280924,68.22727471892634,50.051721194185035,35.46776867471086,33.81375220955511,48.45300503246852,3.801124782818766,29.2,4.2,0.0,0.0,,,,0.0,2.0,18.4,2.0,0.0,6.0,5.0,,26.2,7.2,0.0,Seattle
U1,40.028999908955086,189.63085866149441,318.63510305429935,35.47816308677584,313342.6044581248,336990.798830577,68071.66100154068,190496.4245470781,11815.44128063366,9077.632489904638,3449.8853434359125,5627.747146468724,131.5090812332948,22674.319064243027,256.91365485747536,236.2983400424042,147.5074008954798,376.4295024372603,10.200045322532196,68.92562481407361,7.634809936741225,20.4,4.6,0.6,0.8,,,,0.4,0.2,8.6,0.2,0.0,5.4,11.6,,23.0,3.0,0.4,Seattle
U2,14.861169578703215,55.174629118417975,72.78660573455663,32.233010672845374,25929.978472182444,32013.496681152574,1.1581759291254823,3768.8847364295616,10700.076384264825,3602.2684458972685,297.5263236929691,3304.7421222043004,93.43533408120558,11266.968813721202,80.80317243001649,89.83652018679777,36.90702936007582,92.4426341608038,2.7677787259316173,52.40541003839621,5.139088338077904,23.6,7.6,0.2,1.2,,,,0.4,0.8,7.0,1.2,0.0,4.6,18.6,,24.2,7.0,1.4,Seattle
U3,40.05973044415781,255.18876676426686,473.8356413011615,48.3292075053631,700211.7766495314,715299.8777230765,0.0,843216.4130578365,27647.850967330032,11861.235092455006,8548.092758809213,3313.142333645792,73.60115081201744,31389.638340872658,349.16253026955354,375.056224637076,275.3271967503906,576.4841304567183,11.597744285734333,85.30757453926236,7.193908349812705,15.4,4.2,4.4,0.0,,,,0.0,1.2,1.8,1.0,0.0,1.6,18.4,,19.8,3.8,0.4,Seattle
W1,28.94112947669946,129.0022880396558,224.45277012804462,13.844743023864769,258975.1219467564,271573.15282414015,49418.64005556131,179072.9397710659,0.0,9044.07968737637,5368.9458996818385,3675.1337876945313,20.216726396976462,18291.34759643792,153.89421179335127,170.23274870912888,137.32197391845222,268.2019742381714,10.564348084100219,23.339997952455473,5.039922229058753,13.6,2.2,0.0,0.0,,,,0.2,0.4,5.6,0.6,0.0,1.4,7.6,,10.6,5.2,0.0,Seattle
W2,42.3024443646894,115.29393844231254,224.14835491952812,14.2494410827897,252006.6826012255,272111.5096854923,37509.254415586416,222481.5370997223,23082.502315021793,9862.793235782854,5435.465842046424,4427.327393736431,34.74859931757098,20683.013093460613,157.59540538913268,174.2290155440823,132.6867199913961,258.9127253017805,22.4845782529258,23.400805359437506,5.234892544661271,5.6,1.4,0.0,0.0,,,,0.8,0.2,1.8,0.0,0.0,0.8,3.4,,4.8,2.2,0.0,Seattle
W3,67.68076522964039,152.5559593787365,312.29644227682945,16.655966622131924,407626.5978390295,429526.3648781856,6066.881131602067,310112.7052399053,112044.04448217987,9562.957014206217,6915.683463310119,2647.2735508960977,31.986362571012833,21568.290062456646,214.87013996356998,231.267235496042,184.47388556290917,351.57880923101897,22.53976857290082,24.45631139641625,9.01155853617487,12.8,2.0,0.0,0.0,,,,0.0,0.8,2.8,0.8,0.6,1.2,8.6,,11.4,3.4,0.0,Seattle
1,277.95461742376955,381.4004793025368,790.5566745690538,155.837124655884,580106.0899311918,932599.4811309343,340489.09352457686,468597.7067780732,239234.0050804409,27067.914237527715,3028.691023290663,24039.223214237052,644.6114225449727,58591.12578876926,973.6231753714217,694.8453634939906,671.0391040930259,566.7230661771366,230.49098759425877,573.746200665865,216.30935082859475,,,,,1478.0,11233.0,21.0,6.0,39.0,7195.0,3988.0,1.0,552.0,1841.0,,10686.0,2936.0,,Los Angeles
10,923.809881790783,1006.4692898353848,2701.4642959037387,375.02032617217725,3128521.16401485,3219281.2335819146,810914.7341875184,2826341.598564388,1707147.9693618845,69008.48419886852,36397.39850771653,32611.085691152002,723.9222829180144,201279.42180302728,2193.538702867097,2323.4577372116473,1768.0886452029686,3111.841509752354,167.50434557634546,418.314416064264,636.6409184013427,,,,,556.0,2813.0,7.0,1.0,20.0,411.0,1838.0,1.0,324.0,1025.0,,2820.0,800.0,,Los Angeles
11,1123.4223787077653,1582.0824735748301,3998.4914615828284,625.2326402351686,3760933.675117962,3902314.5259760576,772019.5961340474,4049575.1248140666,2541919.784572063,83467.15482464983,32717.010862845902,50750.14396180396,1129.2673143795764,229801.2747654825,3229.283881984263,3279.824703172924,2429.852924948844,3530.731328489781,132.93900479130858,1078.7327211473562,1458.6737940316893,,,,,796.0,3582.0,9.0,2.0,31.0,387.0,3288.0,3.0,260.0,804.0,,3997.0,778.0,,Los Angeles
12,1165.2661820169835,291.806772799886,2193.089991343987,588.6547693497224,1386327.9324770393,1687123.8008773217,1155348.4755977376,16468.1813453104,1349779.527500999,53685.72339155238,21328.938834800698,32356.784556751685,1378.2003141583525,177869.07448134557,2036.444471474085,2258.280523391995,1410.7171883366177,998.245380760172,1695.2742847241823,28.266638426441528,1474.0657778228967,,,,,1842.0,4869.0,64.0,0.0,9.0,4415.0,2331.0,2.0,86.0,149.0,,5289.0,1703.0,,Los Angeles
13,780.603386214906,171.60268256163494,2005.8505061820745,381.7364192023555,1100973.889266322,1305331.8424459146,609572.8955321171,239004.44036685597,1051143.544806389,34693.50515623952,8792.4820464037,25901.023109835816,1514.6577350160792,149369.02554712555,1832.0315549840666,1796.3079064555668,1034.1108594358968,1211.1451416663097,382.2229956201257,56.5981072072246,1892.7314060482904,,,,,1148.0,4892.0,11.0,0.0,7.0,2438.0,3462.0,0.0,97.0,222.0,,5200.0,1026.0,,Los Angeles
14,630.9090342609285,1828.467846113024,3596.753229658259,417.0700961982863,4005375.0561700175,4136385.3328223643,1873442.1093051436,3532423.034424679,1288176.57023578,92959.91668978464,33536.111842044455,59423.80484774018,693.5352825757898,210143.34992068913,2680.4979656851256,2686.551618793837,1975.605836015256,3516.0250750494774,409.4286390956484,724.4677987046205,335.7001392293052,,,,,907.0,6574.0,6.0,4.0,94.0,2435.0,3221.0,6.0,756.0,4965.0,,9346.0,2135.0,,Los Angeles
15,1010.530628664112,1321.1203227533626,3348.0086065949567,587.1131224419184,2906488.016540552,2948429.343097006,1437223.482037518,2286374.169439488,1613062.4489575517,81884.45152351153,26366.397803548774,55518.05371996276,998.5383391627286,207322.99787370223,2648.4156339760657,2610.1955677768433,1902.0414466413763,3529.8757015682877,314.1637895781433,365.4996776919812,808.7322328538994,,,,,817.0,4880.0,20.0,0.0,35.0,843.0,3069.0,1.0,452.0,1980.0,,4999.0,1381.0,,Los Angeles
16,1258.435173868525,566.1623594128488,2796.655071068928,564.2909834129149,2661822.728919703,2583157.638718715,717304.2695174114,1847556.5913837277,2373283.5491230497,51702.142183754135,29243.716997890202,22458.425185863925,952.9216934648235,191375.53105318962,2439.1651321386994,2482.747258587098,1735.9954204252676,3505.4640480330795,159.6836530746737,303.30938708645186,802.963906416325,,,,,673.0,3516.0,28.0,1.0,11.0,315.0,3101.0,2.0,209.0,716.0,,3620.0,735.0,,Los Angeles
17,1057.3047973095486,1397.8716395453177,3066.4754217062655,450.80163303208815,4243347.913382483,4160977.9861537856,1189993.1384036543,4861044.154570744,2841831.9355094056,74402.60101097019,47526.47194409684,26876.129066873345,565.4205247256807,229131.52799370253,2601.0466329191895,2645.4835498117595,2116.436436423219,3075.53778489173,248.6158657729379,970.1463939547023,681.9732654427038,,,,,536.0,2717.0,15.0,0.0,38.0,358.0,1713.0,1.0,333.0,1070.0,,2568.0,945.0,,Los Angeles
18,854.2649101305293,170.4096841049578,1544.3921601358873,488.4488099093462,1025671.2793503965,1274710.729194609,796623.773403202,185681.76763132063,1084549.87389738,36390.62130737538,13151.126937987945,23239.49436938743,1155.896168670109,146462.67948866464,1501.4055968275852,1658.201982479722,889.2160368613315,1044.0513295370097,901.6568511977814,59.963097133272086,1080.6535738341536,,,,,1186.0,3731.0,41.0,2.0,8.0,3415.0,1520.0,1.0,44.0,95.0,,3560.0,1525.0,,Los Angeles
19,1495.177008793134,690.1304429182499,3374.2109211136944,649.4462159612555,2971769.4030426946,2761435.8870432586,856209.043106697,3179619.452752075,3030601.633233799,63303.72313597587,32409.541099936818,30894.182036039067,1341.9866368847722,250620.47965532052,2879.7185816463393,2923.478634261606,1886.343025207391,3349.234936121881,138.0177920377497,578.4506750954863,1561.5078169369494,,,,,1092.0,4680.0,26.0,1.0,23.0,593.0,4600.0,0.0,202.0,813.0,,4811.0,1421.0,,Los Angeles
2,950.4608979584605,788.5955550951142,2889.1253125780936,581.4256344370552,1604666.7917587627,1639772.0004547134,653764.6368783399,1551838.1903561447,1362321.8006925504,57610.931573473776,4551.73540984618,53059.19616362758,1612.578740740841,168206.11816139717,2490.165190128862,2296.8880360250296,1592.642244900913,1801.296870400209,186.45494292299315,824.3412312449034,1810.6630863563657,,,,,1247.0,4343.0,34.0,0.0,24.0,988.0,4525.0,0.0,279.0,614.0,,5423.0,1007.0,,Los Angeles
20,1214.2685523210507,1135.5215835481993,3466.3841028313004,609.0227077740302,1925801.2416047973,2082337.846064886,1143044.0091220522,2112636.912172031,1695304.3511859605,70665.42855579717,6555.55803602705,64109.870519770135,1455.2934284027342,193135.63469571536,2756.3791064045167,2733.3622436703636,1918.7132260524181,1376.2638309728331,280.9078086633016,1691.0714458012203,1956.4848406480303,,,,,1043.0,2891.0,26.0,1.0,142.0,881.0,2390.0,0.0,418.0,327.0,,3312.0,847.0,,Los Angeles
21,965.572888920919,1134.788495954869,2855.883774202752,374.3161905922163,3601629.8415716034,3509343.6292233486,1673472.7526398704,3892443.012429212,1455826.6039916212,69975.8708141071,38516.70656924322,31459.164244863852,594.8201519447734,206144.7394813797,2351.776573713229,2339.60150434815,1849.959095399347,2902.4842007569982,192.87768505129316,617.7387140843342,734.6586450785624,,,,,712.0,2921.0,6.0,0.0,70.0,509.0,2081.0,0.0,340.0,1242.0,,3236.0,1006.0,,Los Angeles
3,1078.9572272953453,610.1931467940775,2462.926502725148,647.7200044917547,1529752.0435167428,1767011.0128585852,1282735.6799560278,660837.035661164,1391658.658456618,62625.7374583048,17288.24849542554,45337.488962879266,1599.8295536038725,191025.5261711544,2245.9206205124456,2530.454113638373,1632.4827499434682,1100.0587165492702,1605.7784443730459,362.2380806204138,1520.8339861473899,,,,,1550.0,4996.0,35.0,0.0,25.0,4323.0,2054.0,0.0,137.0,278.0,,5226.0,1591.0,,Los Angeles
4,1038.9282000462824,422.6950371558126,2590.2559870381506,611.513544416992,1837212.577238726,1847570.5190147515,430340.5434820115,1306127.5836164413,1703370.5543001704,49169.416658271766,16289.316419692379,32880.10023857939,1441.204281063969,178299.97405406853,2403.4713550665406,2433.665687453912,1579.8083203790502,2518.9148533490206,85.65295959789749,440.02404214090444,1652.607701553898,,,,,901.0,2882.0,14.0,0.0,5.0,177.0,3601.0,0.0,92.0,206.0,,3448.0,633.0,,Los Angeles
5,1084.3874352830244,609.1398050338258,2613.463882546387,503.60573878264313,2389206.671232179,2466758.0754264896,991656.7365506508,1349652.7135124402,1810162.4324242338,58207.68459250212,24207.469686556477,34000.21490594564,972.8310442006133,183443.41674998234,2194.608081004777,2277.2960234247216,1543.2768803025033,2699.7042551914296,249.1959513739644,371.2247786747422,741.7309297995625,,,,,881.0,3210.0,7.0,0.0,34.0,621.0,2688.0,1.0,132.0,846.0,,3326.0,996.0,,Los Angeles
6,577.7312528147439,1167.071745309461,2485.806561684552,404.3174427408454,1975518.8737435003,2040533.4914952582,573735.3305371564,1664994.031800651,1041756.010303903,63728.253093286556,12044.605060612626,51683.648032673926,845.5534609340507,132378.83674396784,1995.858508671789,1757.6660341686056,1373.8447255377237,2313.0853393161847,180.62713509781761,286.11555957664353,800.03433485528,,,,,1213.0,8650.0,17.0,2.0,228.0,3186.0,4721.0,0.0,938.0,3498.0,,9953.0,2620.0,,Los Angeles
7,622.3967560720367,1372.0090105471168,2854.724469216281,381.40629752174664,2853399.5476476047,3056669.692829906,1819498.6819820974,2729820.2613319266,1094132.6719988594,67263.76293860257,19059.857386433334,48203.90555216923,664.4133694216196,155196.73177013564,2073.2822546902335,2242.6351030305163,1597.9811461994561,2400.958599631714,593.6252141857505,546.7900624218714,549.3623734826504,,,,,655.0,2177.0,17.0,0.0,21.0,1117.0,1029.0,0.0,255.0,569.0,,2414.0,577.0,,Los Angeles
8,484.50793838608126,2158.88842093184,3690.3774865474347,439.724419219902,6251242.248517252,6357487.8418972995,882947.0832521243,3926464.098046947,509213.5687087872,98286.72801436955,43724.291789601884,54562.43622476766,807.7146878273411,238152.07636609295,2923.2393095418806,3190.0752163908323,2424.9154024333925,4517.024534576369,189.44651297306874,929.2978012844379,185.29633652504288,,,,,455.0,1716.0,4.0,0.0,21.0,554.0,571.0,0.0,234.0,962.0,,1903.0,439.0,,Los Angeles
9,831.7099775182872,1130.452814008023,2934.0861433250598,470.2772762936359,2696951.4178412925,2847804.077883295,1311185.178710723,2653950.489240135,1315724.6669527837,70837.96469560255,24439.345486390524,46398.61920921204,812.4118107031042,185738.64561088197,2261.2532203902024,2275.3134934918403,1650.0690767393446,2855.1888165256087,224.81658210902833,323.3081933176863,946.394635927555,,,,,1019.0,5165.0,11.0,0.0,16.0,1302.0,3004.0,4.0,634.0,1656.0,,4686.0,1930.0,,Los Angeles
1,342.09001312455706,492.45505101256384,1206.1010148347466,227.49429827112243,971684.1328887977,1400581.679051138,572991.3134885643,679211.9769619982,240989.16523184805,20136.61438730919,4220.2849972465,15916.32939006269,548.5323680460408,44265.25972606244,971.8405032801006,1004.8471068481361,736.8484676311792,681.6003149774524,624.2876438965084,456.2173717228086,84.37242347769617,,,,,104.33333333333333,591.6666666666666,10.0,,,,,,,,,,,,Oakland
2,276.04799601203797,939.8661992810094,1932.833647418421,209.7527051706596,2539982.09255739,2811274.4848124688,1008988.2929339511,1972932.9124840288,260953.08529924424,47172.93832671882,19403.629056943082,27769.309269775735,296.4056510124402,99163.35093110376,1368.7732108643381,1485.3370641403108,1149.5579909939545,1711.5950211057275,487.3889798171495,355.43559836128196,76.99733743217905,,,,,42.4,306.2,4.0,,,,,,,,,,,,Oakland
3,407.80132805147866,610.0607488835931,1632.3751246347751,288.4593659994725,1750626.7570598787,2076453.7081029098,1305962.3281371652,1584253.8671059296,543526.866675173,38599.35686501664,14776.026582692188,23823.330282324452,509.968231420943,101479.50928862124,1333.73774897711,1392.4911924119087,1027.3895931496183,1077.2334879838934,488.812749629049,736.249932979944,207.5358925088449,,,,,88.5,405.5,7.25,,,,,,,,,,,,Oakland
4,318.41745025931766,242.3983562153813,925.8003462556305,191.82844069244666,869561.5482166492,962118.8705916244,629235.0190296415,892852.5818313006,745971.4155015674,24420.478164716355,11334.679307003837,13085.798857712522,371.7058531859275,75127.00545541554,792.7452460193132,845.3468438482147,569.7546101332923,577.9378216864234,414.0723586163582,244.59198786005746,275.54896648829407,,,,,120.0,371.0,26.0,,,,,,,,,,,,Oakland
5,514.2479729728927,237.94186236853798,1143.6370913115554,283.48034366897747,1051963.5801283498,1198506.9444922442,930307.0554462428,776408.2328907883,894780.825226534,27505.86815925729,13525.025553343909,13980.842605913384,491.786601833927,87613.35510263323,996.4530553026083,1107.6330464893633,709.2097767629251,551.6814851401086,865.9100923353448,94.68765639607449,421.8017709353709,,,,,80.33333333333333,268.6666666666667,13.833333333333334,,,,,,,,,,,,Oakland
BAYVIEW,364.98559396524985,406.59101138326366,1121.0347329792899,193.42196080919618,1361929.0257456396,1615234.8870585063,591432.1819379842,1385980.6459234299,561927.2880977697,20986.1536181089,11013.683978694447,9972.469639414454,320.61034553621863,65200.58521948763,897.1022058624301,889.6107998854364,664.0309995425911,540.8395854407734,329.8336250588337,607.0302343994015,177.56525836419976,,,,,1462.25,6696.0,1396.75,,,,,,,,,,,,San Francisco
CENTRAL,227.25572930842972,583.2362963667674,1121.6552742979611,113.98226702065857,1084785.7072078888,1507871.3518275486,117783.44468490215,845261.6361007107,133515.26995961723,36632.43228021511,5677.762090696031,30954.670189519078,349.8535151671467,67633.19142365614,940.5495086273119,874.9603066344254,747.5914171351244,814.0661500508843,39.720765173895025,823.2022437475533,59.85419533159674,,,,,1202.5,7758.25,1688.0,,,,,,,,,,,,San Francisco
INGLESIDE,552.9481687904425,744.906170062433,1854.5962927944438,273.96174921210786,2431123.8022674955,2579360.9633837086,618545.1682083446,2177634.194065552,1359116.5882974481,45787.86083185576,27922.730133550267,17865.13069830549,336.4918851590317,139512.5342447296,1478.8499459004581,1493.9438626696963,1211.4384289135457,1153.906572112852,178.16734572659587,1116.9145805478463,340.41538814008425,,,,,1321.25,6024.25,1335.75,,,,,,,,,,,,San Francisco
MISSION,212.0349965855879,698.185488701473,1454.8621441568487,119.92909953715237,2022330.1374498669,2185735.697026635,311987.95067776553,1820537.5975881652,400784.5168366949,35963.53900159788,11659.067597102685,24304.47140449519,242.81187130174638,82060.1549458001,1125.3529625816936,896.7345915416469,762.2541221675025,1351.7641312261758,52.74223440436534,243.63112539665553,251.49096025221334,,,,,1930.0,9071.25,2223.75,,,,,,,,,,,,San Francisco
NORTHERN,204.64620027501795,1111.4254410656938,1842.2649149453464,130.62202164428052,2356452.195166521,2547440.7706072954,196363.64149063991,2221622.8402447854,324340.07147053065,52299.08751548175,10809.225914117333,41489.86160136442,294.00494070240916,95435.6919156901,1317.32884967709,1281.4472230804204,964.534799313432,1725.702129796459,192.6480109417341,498.33837638637243,72.32491483934001,,,,,1306.25,8696.0,1635.25,,,,,,,,,,,,San Francisco
PARK,99.61087384987306,584.5614833171692,1028.562252287633,80.49956190832455,1502667.60023235,1543991.3790040785,223793.01402869396,1452804.1511407357,124497.70498305348,27922.23931989283,9210.020893485633,18712.21842640719,124.32220604659801,62588.63701177384,776.9402083845716,655.0096397374082,539.0633562070668,1029.7506326999844,76.63643783766925,200.71997724775258,42.86513813850545,,,,,513.75,4054.25,1424.0,,,,,,,,,,,,San Francisco
RICHMOND,190.84148936621384,724.0492683917408,1289.329368174729,103.39869226942704,1742265.821799896,1876592.183890567,364876.8669136256,1438646.783840885,95357.0,35793.32126542381,12693.860465800833,23099.46079962298,206.15588703377105,84356.75876735788,965.8092514874501,1013.8864595070249,796.567760058569,1087.5570111972208,43.086808921346496,694.4752504124303,37.43673346916362,,,,,447.75,3885.0,1040.5,,,,,,,,,,,,San Francisco
SOUTHERN,93.20877812332658,220.09385430574096,409.0343346949546,51.343867741129976,563704.8933414606,750982.8584103852,137709.10714926897,532292.9064882449,137472.14097385024,19359.839412827925,5382.327687163068,13977.511725664863,171.79178556455165,38079.49483254425,384.17513384934733,313.1496524127687,289.0837600846855,311.6344889123184,64.2640195807571,226.18334872444305,51.76593698181475,,,,,2034.5,13327.5,2993.75,,,,,,,,,,,,San Francisco
TARAVAL,410.0067607527026,947.0353581749984,1796.909796843527,240.67385604587642,2680567.0542633208,2838233.7650338383,593091.4034670858,2605957.850881049,667347.7856893969,54562.02544967052,30771.500388231296,23790.525061439224,401.4844788126302,159717.52197485973,1457.177837843354,1571.806001875715,1234.0484007364512,1167.622002586529,122.46924629115641,1455.694313512202,117.35859604055098,,,,,780.25,5005.25,1357.25,,,,,,,,,,,,San Francisco
TENDERLOIN,113.93937395076425,125.15529036412691,301.78884903146843,49.62154149140606,141182.07428272328,161660.86411921488,47597.36919532992,156045.3661478145,111203.75277790321,14317.531468503767,561.3983145327107,13756.133153971055,207.51472292461455,24701.466255513573,374.1046280136647,239.35744248246596,263.1957968680236,249.96919056211036,61.80805397022659,205.403225714536,64.35850649206549,,,,,1238.25,5508.0,1201.25,,,,,,,,,,,,San Francisco
